algorithms,big+o+notation
algorithms,divide+and+conquer
algorithms,merge+sort
algorithms,insertion+sort
algorithms,bubble+sort
algorithms,depth+first+search
algorithms,breadth+first+search
algorithms,dijkstra
algorithms,bellman+ford
algorithms,dynamic+programming
algorithms,greedy+algorithms
mit,algorithms
database,joins
bnf+grammar
bnf+parser
learn+java
learn+python
ruby+on+rails
learn+python+django
learn+javascript
javascript+closure
design+patterns
design+patterns,facade
design+patterns,strategy
design+patterns,factory
design+patterns,decorator
mobile+programming,android
learn+android
android+programming
mobile+programming,ios
operating+system+concepts
cloud+computing
hadoop
proof+by+contradiction
graph+algorithms
permutation+and+combinations
combinatorial+probability
digital+signal+processing
signals+and+systems
fourier+analysis
control+systems
thermodynamics
